{
    "parameters": {
        "method": "DC",
        "dataset": "FashionMNIST",
        "model": "ConvNet",
        "ipc": 50,
        "eval_mode": "S",
        "num_exp": 1,
        "num_eval": 3,
        "epoch_eval_train": 500,
        "Iteration": 60,
        "lr_img": 0.1,
        "lr_net": 0.01,
        "batch_real": 256,
        "batch_train": 256,
        "init": "real",
        "dsa_strategy": "None",
        "data_path": "../data",
        "save_path": "result",
        "dis_metric": "ours",
        "inner_loop": 10,
        "outer_loop": 50,
        "add_noise": false,
        "noise_type": "None",
        "noise_path": "../noise-EMN",
        "device": "cuda",
        "dsa": false
    },
    "evaluations": {
        "0": {
            "ConvNet": {
                "mean": 0.8236,
                "std": 0.0019252705437591798,
                "raw_accs": [
                    0.8216,
                    0.823,
                    0.8262
                ]
            }
        },
        "1": {
            "ConvNet": {
                "mean": 0.8375333333333334,
                "std": 0.001613140484341716,
                "raw_accs": [
                    0.8393,
                    0.8379,
                    0.8354
                ]
            }
        },
        "2": {
            "ConvNet": {
                "mean": 0.8446333333333333,
                "std": 0.002106075866524182,
                "raw_accs": [
                    0.8475,
                    0.8425,
                    0.8439
                ]
            }
        },
        "3": {
            "ConvNet": {
                "mean": 0.8507333333333333,
                "std": 0.0006236095644623438,
                "raw_accs": [
                    0.8499,
                    0.8509,
                    0.8514
                ]
            }
        },
        "4": {
            "ConvNet": {
                "mean": 0.8498,
                "std": 0.0017204650534085166,
                "raw_accs": [
                    0.8518,
                    0.8476,
                    0.85
                ]
            }
        },
        "5": {
            "ConvNet": {
                "mean": 0.8507333333333333,
                "std": 0.0013274871834493174,
                "raw_accs": [
                    0.8493,
                    0.8504,
                    0.8525
                ]
            }
        },
        "6": {
            "ConvNet": {
                "mean": 0.8519666666666666,
                "std": 0.0016819301082057106,
                "raw_accs": [
                    0.8498,
                    0.8539,
                    0.8522
                ]
            }
        },
        "7": {
            "ConvNet": {
                "mean": 0.8499666666666666,
                "std": 0.0003681787005729117,
                "raw_accs": [
                    0.8495,
                    0.8504,
                    0.85
                ]
            }
        },
        "8": {
            "ConvNet": {
                "mean": 0.8549666666666665,
                "std": 0.000758653778449407,
                "raw_accs": [
                    0.856,
                    0.8542,
                    0.8547
                ]
            }
        },
        "9": {
            "ConvNet": {
                "mean": 0.8529333333333332,
                "std": 0.0015627610892974802,
                "raw_accs": [
                    0.8509,
                    0.8547,
                    0.8532
                ]
            }
        },
        "10": {
            "ConvNet": {
                "mean": 0.8529333333333332,
                "std": 0.0011728408057173042,
                "raw_accs": [
                    0.854,
                    0.8513,
                    0.8535
                ]
            }
        },
        "15": {
            "ConvNet": {
                "mean": 0.8529,
                "std": 0.0017454703282114693,
                "raw_accs": [
                    0.8553,
                    0.8522,
                    0.8512
                ]
            }
        },
        "20": {
            "ConvNet": {
                "mean": 0.8531333333333334,
                "std": 0.0009428090415820641,
                "raw_accs": [
                    0.8538,
                    0.8538,
                    0.8518
                ]
            }
        },
        "25": {
            "ConvNet": {
                "mean": 0.8529666666666667,
                "std": 0.0006847546194725003,
                "raw_accs": [
                    0.8534,
                    0.8535,
                    0.852
                ]
            }
        },
        "30": {
            "ConvNet": {
                "mean": 0.8549333333333333,
                "std": 0.0007318166133366955,
                "raw_accs": [
                    0.8554,
                    0.8555,
                    0.8539
                ]
            }
        },
        "35": {
            "ConvNet": {
                "mean": 0.8545000000000001,
                "std": 0.00014142135623729395,
                "raw_accs": [
                    0.8544,
                    0.8544,
                    0.8547
                ]
            }
        },
        "40": {
            "ConvNet": {
                "mean": 0.8541666666666666,
                "std": 0.0013021349989749652,
                "raw_accs": [
                    0.856,
                    0.8534,
                    0.8531
                ]
            }
        },
        "45": {
            "ConvNet": {
                "mean": 0.8532333333333333,
                "std": 0.002015495527710763,
                "raw_accs": [
                    0.8553,
                    0.8505,
                    0.8539
                ]
            }
        },
        "50": {
            "ConvNet": {
                "mean": 0.8498666666666667,
                "std": 0.0003091206165164894,
                "raw_accs": [
                    0.8496,
                    0.8497,
                    0.8503
                ]
            }
        },
        "55": {
            "ConvNet": {
                "mean": 0.8550333333333334,
                "std": 0.001811690432226854,
                "raw_accs": [
                    0.8574,
                    0.8547,
                    0.853
                ]
            }
        },
        "60": {
            "ConvNet": {
                "mean": 0.8556666666666667,
                "std": 0.00041899350299922175,
                "raw_accs": [
                    0.8558,
                    0.8561,
                    0.8551
                ]
            }
        }
    }
}