{
    "parameters": {
        "method": "DC",
        "dataset": "CIFAR10",
        "model": "ConvNet",
        "ipc": 50,
        "eval_mode": "S",
        "num_exp": 1,
        "num_eval": 3,
        "epoch_eval_train": 500,
        "Iteration": 60,
        "lr_img": 0.1,
        "lr_net": 0.01,
        "batch_real": 256,
        "batch_train": 256,
        "init": "real",
        "dsa_strategy": "None",
        "data_path": "../data",
        "save_path": "result",
        "dis_metric": "ours",
        "inner_loop": 10,
        "outer_loop": 50,
        "add_noise": false,
        "noise_type": "None",
        "noise_path": "../noise-EMN",
        "device": "cuda",
        "dsa": false
    },
    "evaluations": {
        "0": {
            "ConvNet": {
                "mean": 0.4543333333333333,
                "std": 0.0016539514973407101,
                "raw_accs": [
                    0.4527,
                    0.4537,
                    0.4566
                ]
            }
        },
        "1": {
            "ConvNet": {
                "mean": 0.47346666666666665,
                "std": 0.0011728408057172953,
                "raw_accs": [
                    0.4729,
                    0.4751,
                    0.4724
                ]
            }
        },
        "2": {
            "ConvNet": {
                "mean": 0.4815666666666667,
                "std": 0.0033668316791243963,
                "raw_accs": [
                    0.4862,
                    0.4802,
                    0.4783
                ]
            }
        },
        "3": {
            "ConvNet": {
                "mean": 0.4946333333333333,
                "std": 0.0038560198247530814,
                "raw_accs": [
                    0.4902,
                    0.4941,
                    0.4996
                ]
            }
        },
        "4": {
            "ConvNet": {
                "mean": 0.5004666666666666,
                "std": 0.003983577398380607,
                "raw_accs": [
                    0.4949,
                    0.5025,
                    0.504
                ]
            }
        },
        "5": {
            "ConvNet": {
                "mean": 0.5022000000000001,
                "std": 0.004062839729384708,
                "raw_accs": [
                    0.5012,
                    0.4978,
                    0.5076
                ]
            }
        },
        "6": {
            "ConvNet": {
                "mean": 0.5045,
                "std": 0.0011224972160321974,
                "raw_accs": [
                    0.5033,
                    0.5042,
                    0.506
                ]
            }
        },
        "7": {
            "ConvNet": {
                "mean": 0.5053,
                "std": 0.003942080668885399,
                "raw_accs": [
                    0.4999,
                    0.5068,
                    0.5092
                ]
            }
        },
        "8": {
            "ConvNet": {
                "mean": 0.5105,
                "std": 0.004536518488885533,
                "raw_accs": [
                    0.5084,
                    0.5063,
                    0.5168
                ]
            }
        },
        "9": {
            "ConvNet": {
                "mean": 0.5104666666666667,
                "std": 0.0031094837013383317,
                "raw_accs": [
                    0.5097,
                    0.5146,
                    0.5071
                ]
            }
        },
        "10": {
            "ConvNet": {
                "mean": 0.5122,
                "std": 0.0037744756810273016,
                "raw_accs": [
                    0.5069,
                    0.5154,
                    0.5143
                ]
            }
        },
        "15": {
            "ConvNet": {
                "mean": 0.5184000000000001,
                "std": 0.0022196095752782313,
                "raw_accs": [
                    0.5191,
                    0.5154,
                    0.5207
                ]
            }
        },
        "20": {
            "ConvNet": {
                "mean": 0.5215000000000001,
                "std": 0.004354308211415432,
                "raw_accs": [
                    0.5197,
                    0.5275,
                    0.5173
                ]
            }
        },
        "25": {
            "ConvNet": {
                "mean": 0.5250333333333334,
                "std": 0.002007209228976601,
                "raw_accs": [
                    0.5263,
                    0.5222,
                    0.5266
                ]
            }
        },
        "30": {
            "ConvNet": {
                "mean": 0.5318,
                "std": 0.0015297058540778557,
                "raw_accs": [
                    0.5297,
                    0.5324,
                    0.5333
                ]
            }
        },
        "35": {
            "ConvNet": {
                "mean": 0.5374333333333333,
                "std": 0.0011469767022723614,
                "raw_accs": [
                    0.5373,
                    0.5389,
                    0.5361
                ]
            }
        },
        "40": {
            "ConvNet": {
                "mean": 0.5338666666666666,
                "std": 0.0029044027881055924,
                "raw_accs": [
                    0.53,
                    0.5346,
                    0.537
                ]
            }
        },
        "45": {
            "ConvNet": {
                "mean": 0.5415666666666666,
                "std": 0.0026042699979499217,
                "raw_accs": [
                    0.5431,
                    0.5379,
                    0.5437
                ]
            }
        },
        "50": {
            "ConvNet": {
                "mean": 0.5308333333333334,
                "std": 0.003057595278791674,
                "raw_accs": [
                    0.5318,
                    0.5267,
                    0.534
                ]
            }
        },
        "55": {
            "ConvNet": {
                "mean": 0.5406666666666666,
                "std": 0.004262497963505501,
                "raw_accs": [
                    0.5448,
                    0.5424,
                    0.5348
                ]
            }
        },
        "60": {
            "ConvNet": {
                "mean": 0.5351666666666667,
                "std": 0.0006599663291074613,
                "raw_accs": [
                    0.5359,
                    0.5353,
                    0.5343
                ]
            }
        }
    }
}