{
    "parameters": {
        "method": "DC",
        "dataset": "SVHN",
        "model": "ConvNet",
        "ipc": 50,
        "eval_mode": "S",
        "num_exp": 1,
        "num_eval": 3,
        "epoch_eval_train": 500,
        "Iteration": 60,
        "lr_img": 0.1,
        "lr_net": 0.01,
        "batch_real": 256,
        "batch_train": 256,
        "init": "real",
        "dsa_strategy": "None",
        "data_path": "../data",
        "save_path": "result",
        "dis_metric": "ours",
        "inner_loop": 10,
        "outer_loop": 50,
        "add_noise": false,
        "noise_type": "None",
        "noise_path": "../noise-EMN",
        "device": "cuda",
        "dsa": false
    },
    "evaluations": {
        "0": {
            "ConvNet": {
                "mean": 0.7203954107764803,
                "std": 0.004376791240022907,
                "raw_accs": [
                    0.7253380454824832,
                    0.7146972956361402,
                    0.7211508912108174
                ]
            }
        },
        "1": {
            "ConvNet": {
                "mean": 0.7667102028272894,
                "std": 0.0026627113893140475,
                "raw_accs": [
                    0.7704748002458512,
                    0.7649047326367547,
                    0.7647510755992625
                ]
            }
        },
        "2": {
            "ConvNet": {
                "mean": 0.7745339069862732,
                "std": 0.0022101463850021682,
                "raw_accs": [
                    0.7730485556238476,
                    0.7728948985863553,
                    0.777658266748617
                ]
            }
        },
        "3": {
            "ConvNet": {
                "mean": 0.7757759680393362,
                "std": 0.0012844386522203731,
                "raw_accs": [
                    0.7750460971112477,
                    0.7775814382298709,
                    0.77470036877689
                ]
            }
        },
        "4": {
            "ConvNet": {
                "mean": 0.7799759270641262,
                "std": 0.004150320544946321,
                "raw_accs": [
                    0.7779271665642287,
                    0.7762369391518131,
                    0.7857636754763369
                ]
            }
        },
        "5": {
            "ConvNet": {
                "mean": 0.7845472239295227,
                "std": 0.0018929392615959593,
                "raw_accs": [
                    0.7820374923171481,
                    0.7866087891825445,
                    0.7849953902888752
                ]
            }
        },
        "6": {
            "ConvNet": {
                "mean": 0.7873898791231304,
                "std": 0.002054434751386923,
                "raw_accs": [
                    0.7899124154886293,
                    0.7873770743700061,
                    0.784880147510756
                ]
            }
        },
        "7": {
            "ConvNet": {
                "mean": 0.7862502560950625,
                "std": 0.0043606905895661715,
                "raw_accs": [
                    0.7908343577135832,
                    0.7875307314074985,
                    0.7803856791641057
                ]
            }
        },
        "8": {
            "ConvNet": {
                "mean": 0.7906550911698421,
                "std": 0.0016715966425237749,
                "raw_accs": [
                    0.7914105716041795,
                    0.7922172710510141,
                    0.7883374308543332
                ]
            }
        },
        "9": {
            "ConvNet": {
                "mean": 0.7936129891415694,
                "std": 0.0037582332161123174,
                "raw_accs": [
                    0.7974031960663799,
                    0.7949446834665027,
                    0.7884910878918254
                ]
            }
        },
        "10": {
            "ConvNet": {
                "mean": 0.7931648227822167,
                "std": 0.0025620387976999235,
                "raw_accs": [
                    0.7905270436385986,
                    0.7966349108789182,
                    0.7923325138291334
                ]
            }
        },
        "15": {
            "ConvNet": {
                "mean": 0.8029220446629789,
                "std": 0.0021296733591449997,
                "raw_accs": [
                    0.8058543331284573,
                    0.800860479409957,
                    0.8020513214505224
                ]
            }
        },
        "20": {
            "ConvNet": {
                "mean": 0.807339684490883,
                "std": 0.001404909596951861,
                "raw_accs": [
                    0.8054317762753535,
                    0.8078134603564844,
                    0.8087738168408113
                ]
            }
        },
        "25": {
            "ConvNet": {
                "mean": 0.8075445605408728,
                "std": 0.004274870234555499,
                "raw_accs": [
                    0.8098494161032576,
                    0.8112323294406883,
                    0.8015519360786724
                ]
            }
        },
        "30": {
            "ConvNet": {
                "mean": 0.8079927269002253,
                "std": 0.0016098380884154377,
                "raw_accs": [
                    0.8073909035033805,
                    0.8063921327596804,
                    0.8101951444376152
                ]
            }
        },
        "35": {
            "ConvNet": {
                "mean": 0.8118341528375334,
                "std": 0.0016949740270969242,
                "raw_accs": [
                    0.810540872771973,
                    0.8107329440688383,
                    0.8142286416717885
                ]
            }
        },
        "40": {
            "ConvNet": {
                "mean": 0.8114884245031756,
                "std": 0.002200555594361028,
                "raw_accs": [
                    0.8109250153657037,
                    0.809119545175169,
                    0.8144207129686539
                ]
            }
        },
        "45": {
            "ConvNet": {
                "mean": 0.8132938946937104,
                "std": 0.003343634646882572,
                "raw_accs": [
                    0.8088122311001844,
                    0.8142286416717885,
                    0.816840811309158
                ]
            }
        },
        "50": {
            "ConvNet": {
                "mean": 0.8122054906781399,
                "std": 0.0009140836046698863,
                "raw_accs": [
                    0.8118469575906576,
                    0.8113091579594346,
                    0.813460356484327
                ]
            }
        },
        "55": {
            "ConvNet": {
                "mean": 0.816059721368572,
                "std": 0.0022148151655754307,
                "raw_accs": [
                    0.8130762138905961,
                    0.8183773816840811,
                    0.8167255685310387
                ]
            }
        },
        "60": {
            "ConvNet": {
                "mean": 0.8151377791436181,
                "std": 0.0010816795780548187,
                "raw_accs": [
                    0.813959741856177,
                    0.8148816840811309,
                    0.8165719114935464
                ]
            }
        }
    }
}